start_s,end_s,duration_s,label,frames
0.0,1.004172461752434,1.004172461752434,anomaly,2
2.008344923504868,75.31293463143254,73.30458970792768,uncertain,74
