start_s,end_s,duration_s,label,frames
0.0,25.330210772833723,25.330210772833723,moving,27
