start_s,end_s,duration_s,label,frames
0.0,0.0,0.0,standing,1
0.9617948717948718,0.9617948717948718,0.0,anomaly,1
1.9235897435897436,3.847179487179487,1.9235897435897436,standing,3
4.808974358974359,4.808974358974359,0.0,walking,1
5.770769230769231,16.35051282051282,10.579743589743588,uncertain,12
