start_s,end_s,duration_s,label,frames
0.0,0.0,0.0,anomaly,1
0.9617948717948718,16.35051282051282,15.388717948717947,moving,17
