start_s,end_s,duration_s,label,frames
0.0,2.0020000000000002,2.0020000000000002,walking,3
3.003,5.005,2.002,standing,3
