start_s,end_s,duration_s,label,frames
0.0,0.0,0.0,running,1
1.0010000000000001,2.0020000000000002,1.0010000000000001,uncertain,2
