start_s,end_s,duration_s,label,frames
0.0,25.025000000000002,25.025000000000002,lying,26
