start_s,end_s,duration_s,label,frames
0.0,7.007000000000001,7.007000000000001,anomaly,8
8.008000000000001,81.081,73.07300000000001,moving,74
